folder,company,role,location,site,ats_score,status,apply_url,generated_at
output/Amazoncom__2026_Software_Dev_Engineer_I__20260428__indeed,Amazon.com,2026 Software Dev Engineer Intern - UK,"London, ENG, GB",indeed,34,done,https://uk.indeed.com/viewjob?jk=3bae2d38a9b99810,2026-04-28T21:21:13.365992
output/Amazoncom__2026_Software_Dev_Engineer_I__20260428__indeed,Amazon.com,2026 Software Dev Engineer Intern - UK,"Cambridge, ENG, GB",indeed,34,done,https://uk.indeed.com/viewjob?jk=542554197e26d5bd,2026-04-28T21:21:41.235543
output/Amazoncom__2026_Software_Dev_Engineer_I__20260428__indeed,Amazon.com,2026 Software Dev Engineer Intern - UK,"Edinburgh, SCT, GB",indeed,34,done,https://uk.indeed.com/viewjob?jk=476c16c9636e3229,2026-04-28T21:22:08.989000
output/Mindrift__Machine_Learning_Developer_F__London__20260428__linkedin,Mindrift,Machine Learning Developer (Freelance),"London, England, UK",linkedin,25,done,https://www.linkedin.com/jobs/view/4407183829,2026-04-28T22:12:08.478560
output/CipherTek_Recruitment__Artificial_Intelligence_Engi__London__20260428__linkedin,CipherTek Recruitment,Artificial Intelligence Engineer,"London, England, UK",linkedin,35,done,https://www.linkedin.com/jobs/view/4403480353,2026-04-28T22:12:36.732229
output/Mindrift__Freelance_Machine_Learning_E__London__20260428__linkedin,Mindrift,Freelance Machine Learning Engineer,"London, England, UK",linkedin,25,done,https://www.linkedin.com/jobs/view/4404678699,2026-04-28T22:13:03.988817
output/Hunter_Bond__AI_Engineer_-_Up_to_100k_Bas__London_Area__20260428__linkedin,Hunter Bond,AI Engineer - Up to £100k Base Salary + Bonus,"London Area, United Kingdom",linkedin,51,done,https://www.linkedin.com/jobs/view/4405132528,2026-04-28T22:13:33.319345
output/Hunter_Bond__AI_Engineer_-_Up_To_100000_P__London_Area__20260428__linkedin,Hunter Bond,"AI Engineer - Up To £100,000 P/A - London - Hybrid","London Area, United Kingdom",linkedin,51,done,https://www.linkedin.com/jobs/view/4405141691,2026-04-28T22:14:02.048102
output/numi__AI_Software_Engineer__London_Area__20260428__linkedin,numi,AI Software Engineer,"London Area, United Kingdom",linkedin,23,skipped (ATS 23),https://www.linkedin.com/jobs/view/4405525244,2026-04-28T22:14:31.863730
output/Digital_Waffle__Machine_Learning_Engineer__City_Of_London__20260428__linkedin,Digital Waffle,Machine Learning Engineer,"City Of London, England, UK",linkedin,26,done,https://www.linkedin.com/jobs/view/4406529589,2026-04-28T22:14:37.089772
output/Digital_Waffle__Artificial_Intelligence_Engi__City_Of_London__20260428__linkedin,Digital Waffle,Artificial Intelligence Engineer,"City Of London, England, UK",linkedin,37,done,https://www.linkedin.com/jobs/view/4406520824,2026-04-28T22:15:04.857988
output/Arrows__Artificial_Intelligence_Engi__London_Area__20260428__linkedin,Arrows,Artificial Intelligence Engineer,"London Area, United Kingdom",linkedin,35,done,https://www.linkedin.com/jobs/view/4406287291,2026-04-28T22:15:32.574614
output/Digital_Waffle__Artificial_Intelligence_Engi__London_Area__20260428__linkedin,Digital Waffle,Artificial Intelligence Engineer,"London Area, United Kingdom",linkedin,36,done,https://www.linkedin.com/jobs/view/4406515786,2026-04-28T22:15:59.627410
output/Calyptus__AIML_Engineer__Greater_London__20260428__linkedin,Calyptus,AI/ML Engineer,"Greater London, England, UK",linkedin,29,done,https://www.linkedin.com/jobs/view/4407857456,2026-04-28T22:16:27.764977
output/Albany_Beck__Artificial_Intelligence_Engi__London_Area__20260428__linkedin,Albany Beck,Artificial Intelligence Engineer,"London Area, United Kingdom",linkedin,39,done,https://www.linkedin.com/jobs/view/4408006214,2026-04-28T22:16:56.541891
output/Annapurna__Artificial_Intelligence_Engi__London_Area__20260428__linkedin,Annapurna,Artificial Intelligence Engineer,"London Area, United Kingdom",linkedin,32,done,https://www.linkedin.com/jobs/view/4405567770,2026-04-28T22:17:24.085181
output/Baker_Hughes__AI_Engineer__London__20260428__indeed,Baker Hughes,AI Engineer,"London, ENG, GB",indeed,43,done,https://uk.indeed.com/viewjob?jk=bc1504d902435127,2026-04-28T22:17:50.709292
output/Wise_Australia_Investments__Senior_Software_Engineer_I_-__London__20260428__indeed,Wise Australia Investments,Senior Software Engineer I - Account Communications,"London, ENG, GB",indeed,29,done,https://uk.indeed.com/viewjob?jk=b405e7625fe4d749,2026-04-28T22:18:18.944414
output/Wise_Australia_Investments__Senior_Software_Engineer_I_-__London__20260428__indeed__2,Wise Australia Investments,Senior Software Engineer I - Account Management,"London, ENG, GB",indeed,30,done,https://uk.indeed.com/viewjob?jk=ab1aa410e543b46e,2026-04-28T22:18:46.283898
output/Indicium_AI__Forward_Deployed_Software_En__London__20260428__indeed,Indicium AI,Forward Deployed Software Engineer,"London, ENG, GB",indeed,20,skipped (ATS 20),https://uk.indeed.com/viewjob?jk=6081726f4e707f27,2026-04-28T22:19:16.644430
output/DeepMind__Research_Engineer_Deployment__London__20260428__indeed,DeepMind,"Research Engineer, Deployment Performance, Robotics, DeepMind","London, ENG, GB",indeed,39,done,https://uk.indeed.com/viewjob?jk=1f0f47a59fdde586,2026-04-28T22:19:21.544983
output/Amazoncom__Language_Engineer_Artificial__London__20260428__indeed,Amazon.com,"Language Engineer, Artificial General Intelligence - Data Services","London, ENG, GB",indeed,31,done,https://uk.indeed.com/viewjob?jk=de28d4438065eedc,2026-04-28T22:19:50.611051
output/Mindrift__Civil_Engineer_Python_Expert__London__20260501__linkedin,Mindrift,Civil Engineer & Python Expert - Freelance AI Trainer,"London, England, UK",linkedin,18,skipped (ATS 18),https://www.linkedin.com/jobs/view/4407874871,2026-05-01T01:08:09.007462
output/Mindrift__Optical_Engineer_with_Python__London__20260501__linkedin,Mindrift,Optical Engineer with Python - Freelance AI Trainer,"London, England, UK",linkedin,18,skipped (ATS 18),https://www.linkedin.com/jobs/view/4409014056,2026-05-01T01:08:13.912789
